{
    "temples": [
        {
            "img": "images/winterquarters600.webp",
            "templeName": "Winter Quarters, NE",
            "label1": "Address: ",
            "address": "8283 N 34th St",
            "city": "Omaha, NE 68112",
            "country": "United States",
            "label2": "Phone Number: ",
            "phone": "(1)402-453-3406",
            "label3": "E-mail: ",
            "email": "winterquarterstemple@lds.org",
            "label4": "Services: ",
            "services": "No Services",
            "label5": "Announced: ",
            "announcements": "14 June 1999",
            "label6": "Groundbreaking: ",
            "grndbrkDate": "28 November 1999",
            "label7": "Dedication: ",
            "dedication": "22 April 2001",
            "ordinance" : "Ordinance Schedule",
            "ordSchedule" : "By Appointment",
            "session" : "Session Schedule",
            "sesschedule" : "By Apppointment",
            "clschedule" : "Temple Closures",
            "cl1" : "Monday, 29 August 2022 - Monday, 26 September 2022",
            "cl2" : "Saturday, 1 October 2022",
            "cl3" : "Thursday, 24 November 2022",
            "cl4" : "Saturday, 24 December 2022",
            "cl5" : "Saturday, 31 December 2022",
            "cl6" : "Monday, 13 March 2023 - Monday, 20 March 2023",
            "cl7" : "Saturday, 1 April 2023",
            "cl8" : "Tuesday, 4 July 2023",
            "cl9" : "Monday, 14 August 2023 - Monday, 18 December 2023",
            "like" : "images/blackheart.png",
            "letter" : "A"
        },
        {
            "img": "images/logantemple600.webp",
            "templeName": "Logan, UT",
            "label1": "Address: ",
            "address": "175 North 300 East",
            "city": "Logan, UT 84321-4720",
            "country": "United States",
            "label2": "Phone Number: ",
            "phone": "(1)435-752-3611",
            "label3": "E-mail: ",
            "email": "logantemple@lds.org",
            "label4": "Services: ",
            "services": "Clothing Rental Available",
            "label5": "Announced: ",
            "announcements": "6 October 1876",
            "label6": "Groundbreaking: ",
            "grndbrkDate": "18 May 1877",
            "label7": "Dedication: ",
            "dedication": "17 May 1884",
            "label8": "Rededication: ",
            "rdedication": "13 March 1979",
            "ordinance" : "Ordinance Schedule",
            "ordSchedule" : "By Appointment",
            "session" : "Session Schedule",
            "sesschedule" : "By Apppointment",
            "clschedule" : "Temple Closures",
            "cl1" : "Saturday, 1 October 2022",
            "cl2" : "Monday, 3 October 2022 - Monday, 17 October 2022",
            "cl3" : "Wednesday, 23 November 2022 (Limited Operations)",
            "cl4" : "Thursday, 24 November 2022",
            "cl5" : "Saturday, 24 December 2022",
            "cl6" : "Saturday, 31 December 2022 (Limited Operations)",
            "cl7" : "Monday, 13 February 2023 - Monday, 27 February 2023",
            "cl8" : "Saturday, 1 April 2023",
            "cl9" : "Tuesday, 4 July 2023",
            "like" : "images/blackheart.png",
            "letter" : "B"
        },
        {
            "img": "images/idahofalls600.webp",
            "templeName": "Idaho Falls, ID",
            "label1": "Address: ",
            "address": "1000 Memorial Dr",
            "city": "Idaho Falls ID 83402-3410",
            "country": "United States",
            "label2": "Phone Number: ",
            "phone": "(1) 208-522-7669",
            "label3": "E-mail: ",
            "email": "idahofallstemple@lds.org",
            "label4": "Services: ",
            "services": "Clothing Rental Available",
            "services2": "Distribution Center Nearby",
            "label5": "Announced: ",
            "announcements": "3 March 1937",
            "label6": "Groundbreaking: ",
            "grndbrkDate": "19 December 1939",
            "label7": "Dedication: ",
            "dedication": "23 September 1945",
            "label8": "Rededication: ",
            "rdedication": "4 June 2017",
            "ordinance" : "Ordinance Schedule",
            "ordSchedule" : "By Appointment",
            "session" : "Session Schedule",
            "sesschedule" : "By Apppointment",
            "clschedule" : "Temple Closures",
            "cl1" : "Saturday, 1 October 2022",
            "cl2" : "Wednesday, 23 November 2022 (Limited Operations)",
            "cl3" : "Thursday, 24 November 2022",
            "cl4" : "Saturday, 24 December 2022",
            "cl5" : "Saturday, 31 December 2022",
            "cl6" : "Tuesday, 24 January 2023 - Monday, 6 February 2023",
            "cl7" : "Saturday, 1 April 2023",
            "cl8" : "Tuesday, 27 June 2023 - Monday, 10 July 2023",
            "cl9" : "Saturday, 7 October 2023",
            "like" : "images/blackheart.png",
            "letter" : "C"
        },
        {
            "img": "images/sandiego600.webp",
            "templeName": "San Diego, CA",
            "label1": "Address: ",
            "address": "7474 Charmant Dr",
            "city": "San Diego CA 92122-5000",
            "country": "United States",
            "label2": "Phone Number: ",
            "phone": "(1) 858-622-0991",
            "label3": "E-mail: ",
            "email": "sandiegotemple@lds.org",
            "label4": "Services: ",
            "services": "Clothing Rental Available",
            "services2": "Distribution Center Nearby",
            "label5": "Announced: ",
            "announcements": "7 April 1984",
            "label6": "Groundbreaking: ",
            "grndbrkDate": "27 February 1988",
            "label7": "Dedication: ",
            "dedication": "25 April 1993",
            "ordinance" : "Ordinance Schedule",
            "ordSchedule" : "By Appointment",
            "session" : "Session Schedule",
            "sesschedule" : "By Apppointment",
            "clschedule" : "Temple Closures",
            "cl1" : "Saturday, 1 October 2022",
            "cl2" : "Wednesday, 23 November 2022 - Thursday, 24 November 2022",
            "cl3" : "Saturday, 24 December 2022",
            "cl4" : "Saturday, 31 December 2022",
            "like" : "images/blackheart.png",
            "letter" : "D"
        }
    ]
}